[
  {
    "model": "admin.logentry",
    "pk": 1,
    "fields": {
      "action_time": "2025-11-25T09:10:38.911Z",
      "user": 1,
      "content_type": 4,
      "object_id": "2",
      "object_repr": "kevinrivera89",
      "action_flag": 1,
      "change_message": "[{\"added\": {}}]"
    }
  },
  {
    "model": "admin.logentry",
    "pk": 2,
    "fields": {
      "action_time": "2025-11-25T09:12:37.238Z",
      "user": 1,
      "content_type": 4,
      "object_id": "2",
      "object_repr": "kevinrivera89",
      "action_flag": 2,
      "change_message": "[{\"changed\": {\"fields\": [\"Staff status\"]}}]"
    }
  },
  {
    "model": "admin.logentry",
    "pk": 3,
    "fields": {
      "action_time": "2025-11-25T09:12:51.923Z",
      "user": 1,
      "content_type": 4,
      "object_id": "2",
      "object_repr": "kevinrivera89",
      "action_flag": 2,
      "change_message": "[{\"changed\": {\"fields\": [\"Superuser status\"]}}]"
    }
  },
  {
    "model": "admin.logentry",
    "pk": 4,
    "fields": {
      "action_time": "2025-11-25T09:13:23.442Z",
      "user": 2,
      "content_type": 4,
      "object_id": "1",
      "object_repr": "2313010818@untels.edu.pe",
      "action_flag": 2,
      "change_message": "[{\"changed\": {\"fields\": [\"Email address\"]}}]"
    }
  },
  {
    "model": "admin.logentry",
    "pk": 5,
    "fields": {
      "action_time": "2025-11-25T09:55:55.769Z",
      "user": 2,
      "content_type": 4,
      "object_id": "3",
      "object_repr": "2313010818",
      "action_flag": 3,
      "change_message": ""
    }
  },
  {
    "model": "admin.logentry",
    "pk": 6,
    "fields": {
      "action_time": "2025-11-25T10:07:22.066Z",
      "user": 2,
      "content_type": 4,
      "object_id": "1",
      "object_repr": "2314010818@untels.edu.pe",
      "action_flag": 2,
      "change_message": "[{\"changed\": {\"fields\": [\"Username\"]}}]"
    }
  },
  {
    "model": "admin.logentry",
    "pk": 7,
    "fields": {
      "action_time": "2025-11-26T18:53:31.123Z",
      "user": 2,
      "content_type": 12,
      "object_id": "1",
      "object_repr": "primero (left)",
      "action_flag": 1,
      "change_message": "[{\"added\": {}}]"
    }
  },
  {
    "model": "admin.logentry",
    "pk": 8,
    "fields": {
      "action_time": "2025-11-26T18:54:07.795Z",
      "user": 2,
      "content_type": 12,
      "object_id": "1",
      "object_repr": "primero (left)",
      "action_flag": 2,
      "change_message": "[{\"changed\": {\"fields\": [\"Link\"]}}]"
    }
  },
  {
    "model": "admin.logentry",
    "pk": 9,
    "fields": {
      "action_time": "2025-11-26T18:56:21.097Z",
      "user": 2,
      "content_type": 12,
      "object_id": "1",
      "object_repr": "primero (left)",
      "action_flag": 3,
      "change_message": ""
    }
  },
  {
    "model": "admin.logentry",
    "pk": 10,
    "fields": {
      "action_time": "2025-11-26T18:59:56.203Z",
      "user": 2,
      "content_type": 12,
      "object_id": "2",
      "object_repr": "segundo (left)",
      "action_flag": 1,
      "change_message": "[{\"added\": {}}]"
    }
  },
  {
    "model": "admin.logentry",
    "pk": 11,
    "fields": {
      "action_time": "2025-12-01T01:34:14.227Z",
      "user": 2,
      "content_type": 12,
      "object_id": "2",
      "object_repr": "segundo (left)",
      "action_flag": 3,
      "change_message": ""
    }
  },
  {
    "model": "admin.logentry",
    "pk": 12,
    "fields": {
      "action_time": "2025-12-01T01:36:11.287Z",
      "user": 2,
      "content_type": 12,
      "object_id": "3",
      "object_repr": "hola (right)",
      "action_flag": 1,
      "change_message": "[{\"added\": {}}]"
    }
  },
  {
    "model": "admin.logentry",
    "pk": 13,
    "fields": {
      "action_time": "2025-12-01T01:36:16.658Z",
      "user": 2,
      "content_type": 12,
      "object_id": "3",
      "object_repr": "hola (right)",
      "action_flag": 2,
      "change_message": "[]"
    }
  },
  {
    "model": "admin.logentry",
    "pk": 14,
    "fields": {
      "action_time": "2025-12-01T02:05:04.113Z",
      "user": 2,
      "content_type": 12,
      "object_id": "4",
      "object_repr": "test (left)",
      "action_flag": 1,
      "change_message": "[{\"added\": {}}]"
    }
  },
  {
    "model": "admin.logentry",
    "pk": 15,
    "fields": {
      "action_time": "2025-12-01T02:16:36.423Z",
      "user": 2,
      "content_type": 12,
      "object_id": "5",
      "object_repr": "lloo (right)",
      "action_flag": 1,
      "change_message": "[{\"added\": {}}]"
    }
  },
  {
    "model": "admin.logentry",
    "pk": 16,
    "fields": {
      "action_time": "2025-12-01T02:18:11.787Z",
      "user": 2,
      "content_type": 12,
      "object_id": "6",
      "object_repr": "lol2 (right)",
      "action_flag": 1,
      "change_message": "[{\"added\": {}}]"
    }
  },
  {
    "model": "admin.logentry",
    "pk": 17,
    "fields": {
      "action_time": "2025-12-04T07:39:16.588Z",
      "user": 2,
      "content_type": 12,
      "object_id": "7",
      "object_repr": "cuidado (left)",
      "action_flag": 1,
      "change_message": "[{\"added\": {}}]"
    }
  },
  {
    "model": "admin.logentry",
    "pk": 18,
    "fields": {
      "action_time": "2025-12-04T07:39:49.521Z",
      "user": 2,
      "content_type": 12,
      "object_id": "6",
      "object_repr": "lol2 (right)",
      "action_flag": 2,
      "change_message": "[{\"changed\": {\"fields\": [\"Is active\"]}}]"
    }
  },
  {
    "model": "admin.logentry",
    "pk": 19,
    "fields": {
      "action_time": "2025-12-04T07:40:06.968Z",
      "user": 2,
      "content_type": 12,
      "object_id": "6",
      "object_repr": "lol2 (right)",
      "action_flag": 2,
      "change_message": "[{\"changed\": {\"fields\": [\"Is active\"]}}]"
    }
  },
  {
    "model": "admin.logentry",
    "pk": 20,
    "fields": {
      "action_time": "2025-12-04T07:40:27.021Z",
      "user": 2,
      "content_type": 12,
      "object_id": "4",
      "object_repr": "test (left)",
      "action_flag": 2,
      "change_message": "[{\"changed\": {\"fields\": [\"Is active\"]}}]"
    }
  },
  {
    "model": "admin.logentry",
    "pk": 21,
    "fields": {
      "action_time": "2025-12-04T07:55:33.060Z",
      "user": 2,
      "content_type": 12,
      "object_id": "8",
      "object_repr": "logo de naturaleza (left)",
      "action_flag": 1,
      "change_message": "[{\"added\": {}}]"
    }
  },
  {
    "model": "admin.logentry",
    "pk": 22,
    "fields": {
      "action_time": "2025-12-04T07:57:18.299Z",
      "user": 2,
      "content_type": 12,
      "object_id": "9",
      "object_repr": "navidad (left)",
      "action_flag": 1,
      "change_message": "[{\"added\": {}}]"
    }
  },
  {
    "model": "admin.logentry",
    "pk": 23,
    "fields": {
      "action_time": "2026-04-27T07:20:29.726Z",
      "user": 31,
      "content_type": 16,
      "object_id": "1",
      "object_repr": "Taller de Programaci\u00ben de M\u00beviles",
      "action_flag": 1,
      "change_message": "[{\"added\": {}}]"
    }
  },
  {
    "model": "auth.user",
    "pk": 1,
    "fields": {
      "password": "pbkdf2_sha256$1000000$nyKEbkS3uW2KRNiHXkFzCd$1kLVxuD1okyJkYp8BoquZNX8Z/+Xc1IggkH8vkKxx9c=",
      "last_login": "2025-11-25T09:12:15Z",
      "is_superuser": true,
      "username": "2314010818@untels.edu.pe",
      "first_name": "",
      "last_name": "",
      "email": "2314010818@untels.edu.pe",
      "is_staff": true,
      "is_active": true,
      "date_joined": "2025-11-25T08:49:33Z",
      "groups": [],
      "user_permissions": []
    }
  },
  {
    "model": "auth.user",
    "pk": 2,
    "fields": {
      "password": "pbkdf2_sha256$1000000$4tbAQ6AJNg1dijdAoYVk56$r3i8l6x5gEA2+gB7sOGzfLAPhzuRC1OzrOi7oJdHVgE=",
      "last_login": "2025-12-01T07:50:50.815Z",
      "is_superuser": true,
      "username": "kevinrivera89",
      "first_name": "",
      "last_name": "",
      "email": "",
      "is_staff": true,
      "is_active": true,
      "date_joined": "2025-11-25T09:10:38Z",
      "groups": [],
      "user_permissions": []
    }
  },
  {
    "model": "auth.user",
    "pk": 4,
    "fields": {
      "password": "pbkdf2_sha256$1000000$D1Rs47XveeuIKIMewZmZDz$sQA8AjUJ/iDgT9U7x5DDO0CF8+VU8q2X046fPGM5tHc=",
      "last_login": null,
      "is_superuser": false,
      "username": "2213010818",
      "first_name": "",
      "last_name": "",
      "email": "2213010818@untels.edu.pe",
      "is_staff": false,
      "is_active": false,
      "date_joined": "2025-11-25T10:08:32.442Z",
      "groups": [],
      "user_permissions": []
    }
  },
  {
    "model": "auth.user",
    "pk": 5,
    "fields": {
      "password": "pbkdf2_sha256$1000000$PCERC0YB56azXW4HbJFWRU$GiVGoj118huTa7YRLk3m/KgKhUqE1seyvEYnPQhsyg8=",
      "last_login": null,
      "is_superuser": false,
      "username": "2213010819",
      "first_name": "",
      "last_name": "",
      "email": "2213010819@untels.edu.pe",
      "is_staff": false,
      "is_active": true,
      "date_joined": "2025-11-25T10:24:00.338Z",
      "groups": [],
      "user_permissions": []
    }
  },
  {
    "model": "auth.user",
    "pk": 6,
    "fields": {
      "password": "pbkdf2_sha256$1000000$kOl6UzXdlxI7LI7lYmRrMN$wc88JcYnO5TEe1BRLs2aPd22cdF9sHeWGGjhDIlNlOY=",
      "last_login": null,
      "is_superuser": false,
      "username": "2113010818",
      "first_name": "",
      "last_name": "",
      "email": "2113010818@untels.edu.pe",
      "is_staff": false,
      "is_active": true,
      "date_joined": "2025-11-25T10:36:34.316Z",
      "groups": [],
      "user_permissions": []
    }
  },
  {
    "model": "auth.user",
    "pk": 7,
    "fields": {
      "password": "pbkdf2_sha256$1000000$vvKJoid1vKKZPE4nfw8rTG$79wIorVUILJBynXxbhzBCKSRFTZwGDa7N2OcueHtPF0=",
      "last_login": "2025-11-25T16:47:17.399Z",
      "is_superuser": false,
      "username": "2913010818",
      "first_name": "",
      "last_name": "",
      "email": "2913010818@untels.edu.pe",
      "is_staff": false,
      "is_active": true,
      "date_joined": "2025-11-25T10:57:17.598Z",
      "groups": [],
      "user_permissions": []
    }
  },
  {
    "model": "auth.user",
    "pk": 8,
    "fields": {
      "password": "pbkdf2_sha256$1000000$iHqYCMVK43BfjsaQ6oKOmF$M832g1Xf+DMBJEopc/8P0MNjD2Zayp2+MLyOIydgH3w=",
      "last_login": "2025-11-28T01:21:28.265Z",
      "is_superuser": false,
      "username": "2312010818",
      "first_name": "",
      "last_name": "",
      "email": "2312010818@untels.edu.pe",
      "is_staff": false,
      "is_active": true,
      "date_joined": "2025-11-25T16:48:11.699Z",
      "groups": [],
      "user_permissions": []
    }
  },
  {
    "model": "auth.user",
    "pk": 9,
    "fields": {
      "password": "pbkdf2_sha256$1000000$Ncc1OoZRM3MLL8ARgxqa8L$Il6aer4dlypwar0tRGAPyB35WZ/ZPH1zDA+Hxbp/l7A=",
      "last_login": "2025-11-26T22:44:06.981Z",
      "is_superuser": false,
      "username": "2313010898",
      "first_name": "",
      "last_name": "",
      "email": "2313010898@untels.edu.pe",
      "is_staff": false,
      "is_active": true,
      "date_joined": "2025-11-26T22:42:57.978Z",
      "groups": [],
      "user_permissions": []
    }
  },
  {
    "model": "auth.user",
    "pk": 10,
    "fields": {
      "password": "pbkdf2_sha256$1000000$FmJFwzism3ztwwUxSD7pnO$yzHg1dB1cLYfBPryLMm68PybZpmHvzggEkOFbPVWZCU=",
      "last_login": "2025-11-27T17:06:01.369Z",
      "is_superuser": false,
      "username": "2313010878",
      "first_name": "",
      "last_name": "",
      "email": "2313010878@untels.edu.pe",
      "is_staff": false,
      "is_active": true,
      "date_joined": "2025-11-27T17:04:59.877Z",
      "groups": [],
      "user_permissions": []
    }
  },
  {
    "model": "auth.user",
    "pk": 11,
    "fields": {
      "password": "pbkdf2_sha256$1000000$GJkWIGecwxrUNQYd4QhXti$IAY41iVDTY/2cK3WBEALer4TNfUAqYij0J40cguu4qk=",
      "last_login": null,
      "is_superuser": false,
      "username": "2313010777",
      "first_name": "",
      "last_name": "",
      "email": "2313010777@untels.edu.pe",
      "is_staff": false,
      "is_active": false,
      "date_joined": "2025-11-27T17:42:11.578Z",
      "groups": [],
      "user_permissions": []
    }
  },
  {
    "model": "auth.user",
    "pk": 12,
    "fields": {
      "password": "pbkdf2_sha256$1000000$OaL482iwdMoFCDM4pXY2lf$Ev8eMjuMbeqkL7TycFB6AjwiOr2OX1ZOqi/IhTxvIfQ=",
      "last_login": null,
      "is_superuser": false,
      "username": "2313010888",
      "first_name": "",
      "last_name": "",
      "email": "2313010888@untels.edu.pe",
      "is_staff": false,
      "is_active": false,
      "date_joined": "2025-11-27T17:44:00.935Z",
      "groups": [],
      "user_permissions": []
    }
  },
  {
    "model": "auth.user",
    "pk": 13,
    "fields": {
      "password": "pbkdf2_sha256$1000000$TKDmp6MljIH9xpr8g2CUY0$iwRz0qGmWVB19YARq4uaR8v9FeUfyyPVhYM9hmKeY8k=",
      "last_login": "2025-12-01T07:15:32.227Z",
      "is_superuser": false,
      "username": "2313010666",
      "first_name": "kevin",
      "last_name": "Rivera",
      "email": "2313010666@untels.edu.pe",
      "is_staff": false,
      "is_active": true,
      "date_joined": "2025-11-27T17:55:57.923Z",
      "groups": [],
      "user_permissions": []
    }
  },
  {
    "model": "auth.user",
    "pk": 14,
    "fields": {
      "password": "pbkdf2_sha256$1000000$d3vX9W7zzarNpg50bNMKVq$3J+I82c33W1cLmNGZbWmhZKWp1NWriE0Nx+RmD6n8v4=",
      "last_login": "2025-11-30T21:35:20.921Z",
      "is_superuser": false,
      "username": "2312010111",
      "first_name": "",
      "last_name": "",
      "email": "2312010111@untels.edu.pe",
      "is_staff": false,
      "is_active": false,
      "date_joined": "2025-11-28T00:54:28.869Z",
      "groups": [],
      "user_permissions": []
    }
  },
  {
    "model": "auth.user",
    "pk": 15,
    "fields": {
      "password": "pbkdf2_sha256$1000000$1KHOr4so1pD4fX8QB6tPBD$mgYbn3g9NkkGlE+Cg12BZA2t7gT7PKKLbkB9oSaHtwU=",
      "last_login": "2025-11-28T00:55:21.996Z",
      "is_superuser": false,
      "username": "2312010444",
      "first_name": "",
      "last_name": "",
      "email": "2312010444@untels.edu.pe",
      "is_staff": false,
      "is_active": true,
      "date_joined": "2025-11-28T00:54:59.873Z",
      "groups": [],
      "user_permissions": []
    }
  },
  {
    "model": "auth.user",
    "pk": 16,
    "fields": {
      "password": "pbkdf2_sha256$1000000$sRX0b0w8EErBjCz8wEl34T$ZC3LTYQZ0e3AfjCk5vws4m/MxQalKXoZyk/dl0TIu1c=",
      "last_login": null,
      "is_superuser": false,
      "username": "2312111818",
      "first_name": "",
      "last_name": "",
      "email": "2312111818@untels.edu.pe",
      "is_staff": false,
      "is_active": false,
      "date_joined": "2025-11-28T01:09:36.052Z",
      "groups": [],
      "user_permissions": []
    }
  },
  {
    "model": "auth.user",
    "pk": 17,
    "fields": {
      "password": "pbkdf2_sha256$1000000$1qRmVgmSXR1VrVhkYFdZ6U$Trsy2UE1T3vVi5MJxDLA/Q7BZtWct6F54B4AzZQFUvU=",
      "last_login": "2026-04-27T06:52:54.446Z",
      "is_superuser": false,
      "username": "2312222818",
      "first_name": "",
      "last_name": "",
      "email": "2312222818@untels.edu.pe",
      "is_staff": false,
      "is_active": false,
      "date_joined": "2025-11-28T01:11:07.740Z",
      "groups": [],
      "user_permissions": []
    }
  },
  {
    "model": "auth.user",
    "pk": 18,
    "fields": {
      "password": "pbkdf2_sha256$1000000$lX1QPSLKc68M9CDLFsToBA$Q7uCm3/ZPl376s0qPECeU4pIUuQjnGlGM6RIZuxs/ds=",
      "last_login": null,
      "is_superuser": false,
      "username": "2312282818",
      "first_name": "",
      "last_name": "",
      "email": "2312282818@untels.edu.pe",
      "is_staff": false,
      "is_active": false,
      "date_joined": "2025-11-28T01:12:52.916Z",
      "groups": [],
      "user_permissions": []
    }
  },
  {
    "model": "auth.user",
    "pk": 19,
    "fields": {
      "password": "pbkdf2_sha256$1000000$veYQ1TC46lBnygQZXtiz0u$8pBRyyzIhxShQ9Bb6pYfIdhKILYbrQuKuWLJdXEoUWI=",
      "last_login": "2026-04-27T06:52:10.537Z",
      "is_superuser": false,
      "username": "2313019818",
      "first_name": "",
      "last_name": "",
      "email": "2313019818@untels.edu.pe",
      "is_staff": false,
      "is_active": false,
      "date_joined": "2025-11-28T01:18:02.729Z",
      "groups": [],
      "user_permissions": []
    }
  },
  {
    "model": "auth.user",
    "pk": 20,
    "fields": {
      "password": "pbkdf2_sha256$1000000$Ckp86lVHo4DZo0I3hvy5as$Kj9HjD08tBoPseWFhDeE+Oo728JiqHR1ijFl5qYSXH8=",
      "last_login": "2025-11-28T01:19:57.054Z",
      "is_superuser": false,
      "username": "2313019718",
      "first_name": "",
      "last_name": "",
      "email": "2313019718@untels.edu.pe",
      "is_staff": false,
      "is_active": true,
      "date_joined": "2025-11-28T01:19:15.520Z",
      "groups": [],
      "user_permissions": []
    }
  },
  {
    "model": "auth.user",
    "pk": 21,
    "fields": {
      "password": "pbkdf2_sha256$1000000$HkJ7rIP1IyMVnPUlniW0Gg$+DDoU+MSy+K/leU7rveq1afZJ12ti4/O1x40iR9ELLA=",
      "last_login": null,
      "is_superuser": false,
      "username": "testuser",
      "first_name": "",
      "last_name": "",
      "email": "test@untels.edu.pe",
      "is_staff": false,
      "is_active": true,
      "date_joined": "2025-11-28T03:51:26.280Z",
      "groups": [],
      "user_permissions": []
    }
  },
  {
    "model": "auth.user",
    "pk": 22,
    "fields": {
      "password": "pbkdf2_sha256$1000000$BTGLtKvy7RmYgo1kVXh53w$6X4BHURvDwMVAa0Mmiu07JR2ZgAv65MO5xsNGRBpJHI=",
      "last_login": "2026-04-27T07:10:06.383Z",
      "is_superuser": false,
      "username": "1112010111",
      "first_name": "",
      "last_name": "",
      "email": "1112010111@untels.edu.pe",
      "is_staff": false,
      "is_active": true,
      "date_joined": "2025-11-30T21:34:32.911Z",
      "groups": [],
      "user_permissions": []
    }
  },
  {
    "model": "auth.user",
    "pk": 23,
    "fields": {
      "password": "pbkdf2_sha256$1000000$Tel9WPtuZNbRCHHByNtnDc$Wq01YKPS+SHM5H9wfwJVrpsB5A3d4Q30IhaubfiWd1g=",
      "last_login": "2025-12-01T06:06:18.392Z",
      "is_superuser": false,
      "username": "2388010818",
      "first_name": "",
      "last_name": "",
      "email": "2388010818@untels.edu.pe",
      "is_staff": false,
      "is_active": true,
      "date_joined": "2025-12-01T05:01:14.646Z",
      "groups": [],
      "user_permissions": []
    }
  },
  {
    "model": "auth.user",
    "pk": 24,
    "fields": {
      "password": "pbkdf2_sha256$1000000$vOBcFZ00TAO0vDWY8OWZNs$HV14NmH8I5igfDiLYzo4Iu6sF3JPMSKxLBd9QUgstr4=",
      "last_login": "2025-12-02T21:13:26.269Z",
      "is_superuser": false,
      "username": "2313010097",
      "first_name": "",
      "last_name": "",
      "email": "2313010097@untels.edu.pe",
      "is_staff": false,
      "is_active": true,
      "date_joined": "2025-12-02T21:12:49.585Z",
      "groups": [],
      "user_permissions": []
    }
  },
  {
    "model": "auth.user",
    "pk": 25,
    "fields": {
      "password": "pbkdf2_sha256$1000000$v3qfG4VAqWbAc8cFZj8eoT$hNDfGdZSllhzPYDog2Xcj3LGkXKWE0FVXhCZ7Vqq1I4=",
      "last_login": "2025-12-04T05:56:38.517Z",
      "is_superuser": false,
      "username": "2313010333",
      "first_name": "",
      "last_name": "",
      "email": "2313010333@untels.edu.pe",
      "is_staff": false,
      "is_active": true,
      "date_joined": "2025-12-04T05:50:12.494Z",
      "groups": [],
      "user_permissions": []
    }
  },
  {
    "model": "auth.user",
    "pk": 26,
    "fields": {
      "password": "pbkdf2_sha256$1000000$TTI44cmRPtafjgUdYC2Anx$D2O5sAw5L6kpfYwOB45Hn+5sbYYxrikJc6bLO5kqHDo=",
      "last_login": "2025-12-05T01:26:46.009Z",
      "is_superuser": false,
      "username": "2313110256",
      "first_name": "",
      "last_name": "",
      "email": "2313110256@untels.edu.pe",
      "is_staff": false,
      "is_active": true,
      "date_joined": "2025-12-05T01:26:09.233Z",
      "groups": [],
      "user_permissions": []
    }
  },
  {
    "model": "auth.user",
    "pk": 27,
    "fields": {
      "password": "pbkdf2_sha256$1000000$B6ugdYsnzu5Ti9YcikFO2Y$hH4k7sWMtOn+ag+KyIdzZVVJJtzmIumI9hcFDyZG+GQ=",
      "last_login": null,
      "is_superuser": false,
      "username": "2542010818",
      "first_name": "",
      "last_name": "",
      "email": "2542010818@untels.edu.pe",
      "is_staff": false,
      "is_active": false,
      "date_joined": "2025-12-05T01:28:10.637Z",
      "groups": [],
      "user_permissions": []
    }
  },
  {
    "model": "auth.user",
    "pk": 28,
    "fields": {
      "password": "pbkdf2_sha256$1000000$zwZTv3DeUqcoUMOliCLSnI$XGlnP8bFkiy5bQPcZ6cggbnJ/+braRHr4nQLF6pfu6o=",
      "last_login": "2025-12-05T01:30:26.188Z",
      "is_superuser": false,
      "username": "2548810818",
      "first_name": "",
      "last_name": "",
      "email": "2548810818@untels.edu.pe",
      "is_staff": false,
      "is_active": true,
      "date_joined": "2025-12-05T01:28:58.594Z",
      "groups": [],
      "user_permissions": []
    }
  },
  {
    "model": "auth.user",
    "pk": 29,
    "fields": {
      "password": "pbkdf2_sha256$1000000$jMld4nKRpfGam43rSJrWbL$aHHz4sOjMuCdNikFtHkuTSXCcXVFSPgmCp3NYoGyvgE=",
      "last_login": "2025-12-05T02:07:36.531Z",
      "is_superuser": false,
      "username": "2223080086",
      "first_name": "",
      "last_name": "",
      "email": "2223080086@untels.edu.pe",
      "is_staff": false,
      "is_active": true,
      "date_joined": "2025-12-05T02:06:58.371Z",
      "groups": [],
      "user_permissions": []
    }
  },
  {
    "model": "auth.user",
    "pk": 30,
    "fields": {
      "password": "pbkdf2_sha256$1000000$2zjZbGMgNfLArHX5sTpt6n$AVUgC4fs4HvaAmVXfD1B4eJoT8dUMW+l6H/A10vaTnc=",
      "last_login": "2025-12-05T05:03:24.475Z",
      "is_superuser": false,
      "username": "2113110269",
      "first_name": "",
      "last_name": "",
      "email": "2113110269@untels.edu.pe",
      "is_staff": false,
      "is_active": true,
      "date_joined": "2025-12-05T05:02:38.182Z",
      "groups": [],
      "user_permissions": []
    }
  },
  {
    "model": "auth.user",
    "pk": 31,
    "fields": {
      "password": "pbkdf2_sha256$1000000$DdKWk21GRgFrpBDBpBhDqd$IBmtbRaik2XWrYWUD94YXCYP65cBXA2BK7upaKt69VI=",
      "last_login": "2026-04-27T07:10:47.967Z",
      "is_superuser": true,
      "username": "kevin01",
      "first_name": "Kevin",
      "last_name": "Rivera",
      "email": "admin@root.com",
      "is_staff": true,
      "is_active": true,
      "date_joined": "2026-04-27T07:04:19.977Z",
      "groups": [],
      "user_permissions": []
    }
  },
  {
    "model": "sessions.session",
    "pk": "57e5se38x90ny9cb2ayhuglwzmxw1qzy",
    "fields": {
      "session_data": ".eJxVjEsOwiAUAO_C2hBK-bp03zOQ9-AhVQNJaVfGuxuSLnQ7M5k3C3DsJRydtrAmdmWSXX4ZQnxSHSI9oN4bj63u24p8JPy0nS8t0et2tn-DAr2MrXHK2wwZSUBSekLrrIzgadLaIhgadMYMs89CGnJuFsqhgpwIomOfL_LMOJs:1vPygM:xCrTTTJFuB6cbXMQqCaWzJF7dups6UlvSYt4k4FCrnQ",
      "expire_date": "2025-12-15T07:50:50.819Z"
    }
  },
  {
    "model": "sessions.session",
    "pk": "7dc0rem0d4e53zgz17d45459m468ymsy",
    "fields": {
      "session_data": ".eJxVjEsKwzAMBe-idTGpZKEky-57BiPbSp22OJDPKvTuJZBFu3vMDG-HoNtawrbYHMYMPWAHl18YNb2sHiY_tT4ml6a6zmN0R-JOu7j7lO19O9u_g6JLgR5syFdNzENC8mmIFhvhJEItekWUrmE-lhB7Y5PoiRpCVs-tCHn4fAEQ1DcV:1vRLEO:awqPSNPzjL-5oZScQhzXfOMlwmFeToVPg5O4IxdW3Rk",
      "expire_date": "2025-12-19T02:07:36.537Z"
    }
  },
  {
    "model": "sessions.session",
    "pk": "ak1yp6v2bl44rif3twt2ncc7skllz0mo",
    "fields": {
      "session_data": ".eJxVjMsOwiAQAP9lz4ZAebZH734DAXZXqoYmpT0Z_9006UGvM5N5Q0z7VuPeaY0zwgRawuUX5lSe1A6Dj9TuiyhL29Y5iyMRp-3itiC9rmf7N6ipV5iAkpZkmJ0yXjlGVuyLKz4TS-PlOIwFlUO2aD1ZY9XgVKHAlIJGFzJ8vh_sOKg:1vRNyW:RQoCVE645O1-B6gimKF6ACRuMJdmMo3zG4M7VyDMVQA",
      "expire_date": "2025-12-19T05:03:24.480Z"
    }
  },
  {
    "model": "sessions.session",
    "pk": "emlt2e2xeceutzbt0fem1c4tmpaa2pst",
    "fields": {
      "session_data": ".eJxVjEsOgjAUAO_y1qah9gNl6Z4zkL6foIYmFFbGuxsSFrqdmcwbxrxv07hXWceZoYdrB5dfiJmeshyGH3m5F0Nl2dYZzZGY01YzFJbX7Wz_BlOuE_QQxVPThphi4xIy-WCzImpUcda1QdUm7KJYIlSxMXHmVpisqHovCp8vIgo5nQ:1vRKeQ:pSYCYkA7YXIZEUub8KDXFd6VGdp1_88K_0eoDIhc1UI",
      "expire_date": "2025-12-19T01:30:26.191Z"
    }
  },
  {
    "model": "sessions.session",
    "pk": "k428cy1wxru7vqqqel9m3lykrhkm2h2h",
    "fields": {
      "session_data": ".eJxVjEsOgjAUAO_y1qaBR20pS_ecgbxfBTWQUFgZ725IWOh2ZjJvGGjfxmEvtg6TQgfo4fILmeRp82H0QfN9cbLM2zqxOxJ32uL6Re11O9u_wUhlhA4oBxRurmKN1oqWhIk8sfdNDi3mmFgMLYY6K7UxBl8lTMrRpGoDVvD5AjsoOMo:1vQXgc:DdLz4SH_m2E6sbQM9CRN68lJKC3789quoycJ6BUXrow",
      "expire_date": "2025-12-16T21:13:26.272Z"
    }
  },
  {
    "model": "sessions.session",
    "pk": "pojc6zct4dcbkgd6f2qdy0chzelglq0n",
    "fields": {
      "session_data": "eyJ2ZXJpZmljYXRpb25fY29kZSI6Ik94Y05Ldm02V1pEVkJNbm9xalFmUUEiLCJwZW5kaW5nX3VzZXJfaWQiOjI3fQ:1vRKcH:xsR4G_ZNxtVKkUxe6CIzQahGQhw5gmKzVjWlsZQoqU0",
      "expire_date": "2025-12-19T01:28:13.886Z"
    }
  },
  {
    "model": "sessions.session",
    "pk": "s67rmegrc6tokxpc638yspqt7pobm08m",
    "fields": {
      "session_data": ".eJxVjMsKwyAQAP9lz0VW3bWaY-_5BvFFTVsUYnIq_fcSyKG9zgzzBh_2rfp9lNUvGSZQDJdfGEN6lnaY_Ajt3kXqbVuXKI5EnHaIuefyup3t36CGUWECQubEBp2ioJNjiVEScXTW0RWJipVWFVRZ2aSzNGgdF9LOhGySQoLPF70gNiY:1vR2KU:sCd4wAPuEKqve_3j6Kf4d7Bvg3JB9qaoD4fkqRSK6V4",
      "expire_date": "2025-12-18T05:56:38.521Z"
    }
  },
  {
    "model": "sessions.session",
    "pk": "ssn8exthrhsvd5dhy5r59k9lrr11k5eh",
    "fields": {
      "session_data": ".eJxVjEEOwiAQAP-yZ0OowFJ69N43kC27SNXQpLQn499Nkx70OjOZN0TatxL3JmucGQYwHVx-4UTpKfUw_KB6X1Ra6rbOkzoSddqmxoXldTvbv0GhVmAA7Y2n5J3P6J2VzmLukQNiMMZx4B6zhMSGrWixXmuns7uyQYeSiAk-X-qoN8c:1wHG7D:LQlixn_6DOXNZOMQ3nne-0_t8Gi9aKIYV4KFkBaI5vU",
      "expire_date": "2026-05-11T07:10:47.970Z"
    }
  },
  {
    "model": "sessions.session",
    "pk": "v8sx4zfyfbyr2av7czuqb7m1q57j7q4a",
    "fields": {
      "session_data": ".eJxVjDEOgzAMAP_iuYpqnITA2J03IMdxGtoKJAJT1b9XSAztene6N4y8b2Xcq67jlKAHJLj8wsjy1Pkw6cHzfTGyzNs6RXMk5rTVDEvS1-1s_waFa4EeQrQ5BhEKah3aqyfP7LDzSURDy2gxNdmp8zZmapW0owadqEcNxASfLwuoOAg:1vPy8C:FDGy3PcrjwpolECsDNEWj7FjaBtdwux_YK29xUV7G-o",
      "expire_date": "2025-12-15T07:15:32.231Z"
    }
  },
  {
    "model": "sessions.session",
    "pk": "whya24octwd0b56w8fxz9n1lcbx273jh",
    "fields": {
      "session_data": ".eJxVjLsOwjAMAP8lM4pshySFkb3fUNmJRQookfqYEP-OInWA9e50bzPxvpVpX3WZ5myuhsicfqFwemrtJj-43ptNrW7LLLYn9rCrHVvW1-1o_waF19K_qMiKEBCJ2YO4qAIU1EVBkuzD4GNk0AFTBnAXjtGnQInEgeLZfL7tUzdB:1wHG6Y:AMZvHZjm4J0DhQpJ4vcwGaGpcXNqsFYnQ54EzFvBmys",
      "expire_date": "2026-05-11T07:10:06.386Z"
    }
  },
  {
    "model": "sessions.session",
    "pk": "wkbrb5og68rqfo7o81hdd253472zkkan",
    "fields": {
      "session_data": "eyJ2ZXJpZmljYXRpb25fY29kZSI6IkkxbG1CZ0xxZ2VreE02c013NTh1amciLCJwZW5kaW5nX3VzZXJfaWQiOjE0fQ:1vOmkq:wwGVfF67SFtxvYPBBmSnwEW0xo07Yx72E5_DYcFqPXA",
      "expire_date": "2025-12-12T00:54:32.418Z"
    }
  },
  {
    "model": "sessions.session",
    "pk": "y0ij3yvmr3x4oa0ac1exuqpomendnn33",
    "fields": {
      "session_data": ".eJxVjLsOwjAMAP8lM4pshySFkb3fUNmJRQookfqYEP-OInWA9e50bzPxvpVpX3WZ5myuhsicfqFwemrtJj-43ptNrW7LLLYn9rCrHVvW1-1o_waF19K_qMiKEBCJ2YO4qAIU1EVBkuzD4GNk0AFTBnAXjtGnQInEgeLZfL7tUzdB:1vQXkM:TrAwvK_ys917EjhIOTr_F_6lHnF-f_gSz5si60A_ojw",
      "expire_date": "2025-12-16T21:17:18.003Z"
    }
  },
  {
    "model": "sessions.session",
    "pk": "yw6wq35zw4j0p8q0dgwrtxivo01ei9aj",
    "fields": {
      "session_data": ".eJxVjMsKwjAQAP9lzxKyWbppe_TuN4TNy1QlgaY9if8uhR70OjPMG5zsW3F7T6tbIsxgGC6_0Et4pnqY-JB6byq0uq2LV0eiTtvVrcX0up7t36BILzDDJDxmjdr64CdGjWgjS7ApMFPSaDPbaAgDZxktI2fMpJGGgTMZEvh8AfVzNz8:1vRKas:FXqxdYf1c-jyu0U0uiFLGcWcnIWG05fQ1-pIQZPlw1g",
      "expire_date": "2025-12-19T01:26:46.013Z"
    }
  },
  {
    "model": "accounts.userprofile",
    "pk": 1,
    "fields": {
      "user": 1,
      "student_code": "2313010818",
      "is_verified": false,
      "show_real_name": false,
      "comment_alias": null,
      "show_petitions": true
    }
  },
  {
    "model": "accounts.userprofile",
    "pk": 2,
    "fields": {
      "user": 2,
      "student_code": "unknown",
      "is_verified": false,
      "show_real_name": false,
      "comment_alias": null,
      "show_petitions": true
    }
  },
  {
    "model": "accounts.userprofile",
    "pk": 3,
    "fields": {
      "user": 4,
      "student_code": "2213010818",
      "is_verified": false,
      "show_real_name": false,
      "comment_alias": null,
      "show_petitions": true
    }
  },
  {
    "model": "accounts.userprofile",
    "pk": 4,
    "fields": {
      "user": 5,
      "student_code": "2213010819",
      "is_verified": true,
      "show_real_name": false,
      "comment_alias": null,
      "show_petitions": true
    }
  },
  {
    "model": "accounts.userprofile",
    "pk": 5,
    "fields": {
      "user": 6,
      "student_code": "2113010818",
      "is_verified": true,
      "show_real_name": false,
      "comment_alias": null,
      "show_petitions": true
    }
  },
  {
    "model": "accounts.userprofile",
    "pk": 6,
    "fields": {
      "user": 7,
      "student_code": "2913010818",
      "is_verified": true,
      "show_real_name": false,
      "comment_alias": null,
      "show_petitions": true
    }
  },
  {
    "model": "accounts.userprofile",
    "pk": 7,
    "fields": {
      "user": 8,
      "student_code": "2312010818",
      "is_verified": true,
      "show_real_name": false,
      "comment_alias": "el papu user8",
      "show_petitions": true
    }
  },
  {
    "model": "accounts.userprofile",
    "pk": 8,
    "fields": {
      "user": 9,
      "student_code": "2313010898",
      "is_verified": true,
      "show_real_name": false,
      "comment_alias": "desdechrome",
      "show_petitions": true
    }
  },
  {
    "model": "accounts.userprofile",
    "pk": 9,
    "fields": {
      "user": 10,
      "student_code": "2313010878",
      "is_verified": true,
      "show_real_name": false,
      "comment_alias": "user_10",
      "show_petitions": true
    }
  },
  {
    "model": "accounts.userprofile",
    "pk": 10,
    "fields": {
      "user": 11,
      "student_code": "2313010777",
      "is_verified": false,
      "show_real_name": false,
      "comment_alias": null,
      "show_petitions": true
    }
  },
  {
    "model": "accounts.userprofile",
    "pk": 11,
    "fields": {
      "user": 12,
      "student_code": "2313010888",
      "is_verified": false,
      "show_real_name": false,
      "comment_alias": null,
      "show_petitions": true
    }
  },
  {
    "model": "accounts.userprofile",
    "pk": 12,
    "fields": {
      "user": 13,
      "student_code": "2313010666",
      "is_verified": true,
      "show_real_name": false,
      "comment_alias": "kevinps",
      "show_petitions": true
    }
  },
  {
    "model": "accounts.userprofile",
    "pk": 13,
    "fields": {
      "user": 14,
      "student_code": "2312010111",
      "is_verified": false,
      "show_real_name": false,
      "comment_alias": null,
      "show_petitions": true
    }
  },
  {
    "model": "accounts.userprofile",
    "pk": 14,
    "fields": {
      "user": 15,
      "student_code": "2312010444",
      "is_verified": true,
      "show_real_name": false,
      "comment_alias": null,
      "show_petitions": true
    }
  },
  {
    "model": "accounts.userprofile",
    "pk": 15,
    "fields": {
      "user": 19,
      "student_code": "2313019818",
      "is_verified": false,
      "show_real_name": false,
      "comment_alias": null,
      "show_petitions": true
    }
  },
  {
    "model": "accounts.userprofile",
    "pk": 16,
    "fields": {
      "user": 20,
      "student_code": "2313019718",
      "is_verified": true,
      "show_real_name": false,
      "comment_alias": null,
      "show_petitions": true
    }
  },
  {
    "model": "accounts.userprofile",
    "pk": 17,
    "fields": {
      "user": 22,
      "student_code": "1112010111",
      "is_verified": true,
      "show_real_name": false,
      "comment_alias": "elpapu11",
      "show_petitions": false
    }
  },
  {
    "model": "accounts.userprofile",
    "pk": 18,
    "fields": {
      "user": 23,
      "student_code": "2388010818",
      "is_verified": true,
      "show_real_name": false,
      "comment_alias": "Lolollo28",
      "show_petitions": true
    }
  },
  {
    "model": "accounts.userprofile",
    "pk": 19,
    "fields": {
      "user": 24,
      "student_code": "2313010097",
      "is_verified": true,
      "show_real_name": false,
      "comment_alias": "ElaNonimo",
      "show_petitions": true
    }
  },
  {
    "model": "accounts.userprofile",
    "pk": 20,
    "fields": {
      "user": 25,
      "student_code": "2313010333",
      "is_verified": true,
      "show_real_name": false,
      "comment_alias": null,
      "show_petitions": true
    }
  },
  {
    "model": "accounts.userprofile",
    "pk": 21,
    "fields": {
      "user": 26,
      "student_code": "2313110256",
      "is_verified": true,
      "show_real_name": false,
      "comment_alias": null,
      "show_petitions": true
    }
  },
  {
    "model": "accounts.userprofile",
    "pk": 22,
    "fields": {
      "user": 27,
      "student_code": "2542010818",
      "is_verified": false,
      "show_real_name": false,
      "comment_alias": null,
      "show_petitions": true
    }
  },
  {
    "model": "accounts.userprofile",
    "pk": 23,
    "fields": {
      "user": 28,
      "student_code": "2548810818",
      "is_verified": true,
      "show_real_name": false,
      "comment_alias": "Anonimo1",
      "show_petitions": true
    }
  },
  {
    "model": "accounts.userprofile",
    "pk": 24,
    "fields": {
      "user": 29,
      "student_code": "2223080086",
      "is_verified": true,
      "show_real_name": false,
      "comment_alias": null,
      "show_petitions": true
    }
  },
  {
    "model": "accounts.userprofile",
    "pk": 25,
    "fields": {
      "user": 30,
      "student_code": "2113110269",
      "is_verified": true,
      "show_real_name": false,
      "comment_alias": null,
      "show_petitions": true
    }
  },
  {
    "model": "accounts.userprofile",
    "pk": 26,
    "fields": {
      "user": 31,
      "student_code": null,
      "is_verified": false,
      "show_real_name": false,
      "comment_alias": "kevin01",
      "show_petitions": true
    }
  },
  {
    "model": "petitions.category",
    "pk": 1,
    "fields": {
      "name": "Bienestar estudiantil"
    }
  },
  {
    "model": "petitions.category",
    "pk": 2,
    "fields": {
      "name": "Infraestructura"
    }
  },
  {
    "model": "petitions.category",
    "pk": 3,
    "fields": {
      "name": "Docentes"
    }
  },
  {
    "model": "petitions.category",
    "pk": 4,
    "fields": {
      "name": "Servicios universitarios"
    }
  },
  {
    "model": "petitions.category",
    "pk": 5,
    "fields": {
      "name": "Acad\u00damico"
    }
  },
  {
    "model": "petitions.category",
    "pk": 6,
    "fields": {
      "name": "Otros"
    }
  },
  {
    "model": "petitions.petition",
    "pk": 1,
    "fields": {
      "title": "mas espacio en el comedor",
      "description": "El comedor de la universidad es un espacio donde se interact\u00b7a con el personal, pero el personal muchas veces es hostil con los estudiantes",
      "author": 8,
      "created_at": "2025-11-25T17:06:00.961Z",
      "is_active": true,
      "archived_at": null,
      "category": null,
      "followup_pdf": "followups/4045DYNAINDEX_2.pdf",
      "followup_notes": "todo mal no hay respuesta clara "
    }
  },
  {
    "model": "petitions.petition",
    "pk": 2,
    "fields": {
      "title": "Quispe es muy vago",
      "description": "El profesor no hace su clase como es devido y no cumple sus horas",
      "author": 9,
      "created_at": "2025-11-27T08:08:07.482Z",
      "is_active": true,
      "archived_at": null,
      "category": null,
      "followup_pdf": "",
      "followup_notes": ""
    }
  },
  {
    "model": "petitions.petition",
    "pk": 3,
    "fields": {
      "title": "que ma\u00b1ana no haya clases",
      "description": "si pes seria bueno",
      "author": 9,
      "created_at": "2025-11-27T08:09:38.701Z",
      "is_active": true,
      "archived_at": null,
      "category": null,
      "followup_pdf": "",
      "followup_notes": ""
    }
  },
  {
    "model": "petitions.petition",
    "pk": 4,
    "fields": {
      "title": "ma\u00b1ana si hay clases",
      "description": "que si hay",
      "author": 9,
      "created_at": "2025-11-27T08:22:11.290Z",
      "is_active": true,
      "archived_at": null,
      "category": null,
      "followup_pdf": "",
      "followup_notes": ""
    }
  },
  {
    "model": "petitions.petition",
    "pk": 5,
    "fields": {
      "title": "peticion de user_10",
      "description": "user_10 esta ebferm y podria contagiar a otros deberia de tener mas cuidado",
      "author": 10,
      "created_at": "2025-11-27T17:06:50.490Z",
      "is_active": true,
      "archived_at": null,
      "category": null,
      "followup_pdf": "",
      "followup_notes": ""
    }
  },
  {
    "model": "petitions.petition",
    "pk": 6,
    "fields": {
      "title": "M\u00dfs \u00dfreas verdes",
      "description": "Queremos m\u00dfs plantas en el campus",
      "author": 1,
      "created_at": "2025-11-28T03:52:23.119Z",
      "is_active": true,
      "archived_at": null,
      "category": null,
      "followup_pdf": "",
      "followup_notes": ""
    }
  },
  {
    "model": "petitions.petition",
    "pk": 7,
    "fields": {
      "title": "ma\u00b1ana que no haya clases",
      "description": "Las clases son muy aburridas",
      "author": 22,
      "created_at": "2025-11-30T21:47:50.960Z",
      "is_active": true,
      "archived_at": null,
      "category": null,
      "followup_pdf": "",
      "followup_notes": ""
    }
  },
  {
    "model": "petitions.petition",
    "pk": 8,
    "fields": {
      "title": "provar el perfil",
      "description": "el perfil es muy importante",
      "author": 13,
      "created_at": "2025-11-30T23:53:21.366Z",
      "is_active": true,
      "archived_at": null,
      "category": null,
      "followup_pdf": "",
      "followup_notes": ""
    }
  },
  {
    "model": "petitions.petition",
    "pk": 9,
    "fields": {
      "title": "El delegado de m\u00datodos num\u00daricos",
      "description": "No delega bien.",
      "author": 24,
      "created_at": "2025-12-02T21:15:06.340Z",
      "is_active": true,
      "archived_at": null,
      "category": null,
      "followup_pdf": "",
      "followup_notes": ""
    }
  },
  {
    "model": "petitions.petition",
    "pk": 10,
    "fields": {
      "title": "Comedor ineficiente",
      "description": "El comedor es ineficiente, deber\u00ddan de cambiarlo",
      "author": 23,
      "created_at": "2025-12-04T01:09:01.548Z",
      "is_active": true,
      "archived_at": null,
      "category": 4,
      "followup_pdf": "",
      "followup_notes": ""
    }
  },
  {
    "model": "petitions.petition",
    "pk": 11,
    "fields": {
      "title": "Menos gatos",
      "description": "Mucha interrupci\u00ben en las clases y no se puede trabajar tranquilo",
      "author": 26,
      "created_at": "2025-12-05T01:27:32.072Z",
      "is_active": true,
      "archived_at": null,
      "category": 1,
      "followup_pdf": "",
      "followup_notes": ""
    }
  },
  {
    "model": "petitions.vote",
    "pk": 2,
    "fields": {
      "user": 7,
      "petition": 1,
      "voted_at": "2025-11-25T17:26:08.305Z",
      "created_at": "2025-12-01T07:39:17.835Z"
    }
  },
  {
    "model": "petitions.vote",
    "pk": 4,
    "fields": {
      "user": 9,
      "petition": 1,
      "voted_at": "2025-11-26T22:44:47.911Z",
      "created_at": "2025-12-01T07:39:17.835Z"
    }
  },
  {
    "model": "petitions.vote",
    "pk": 5,
    "fields": {
      "user": 8,
      "petition": 3,
      "voted_at": "2025-11-27T08:33:53.666Z",
      "created_at": "2025-12-01T07:39:17.835Z"
    }
  },
  {
    "model": "petitions.vote",
    "pk": 6,
    "fields": {
      "user": 8,
      "petition": 4,
      "voted_at": "2025-11-27T08:33:54.251Z",
      "created_at": "2025-12-01T07:39:17.835Z"
    }
  },
  {
    "model": "petitions.vote",
    "pk": 7,
    "fields": {
      "user": 8,
      "petition": 2,
      "voted_at": "2025-11-27T08:33:54.961Z",
      "created_at": "2025-12-01T07:39:17.835Z"
    }
  },
  {
    "model": "petitions.vote",
    "pk": 8,
    "fields": {
      "user": 1,
      "petition": 6,
      "voted_at": "2025-11-28T03:52:30.129Z",
      "created_at": "2025-12-01T07:39:17.835Z"
    }
  },
  {
    "model": "petitions.vote",
    "pk": 9,
    "fields": {
      "user": 13,
      "petition": 5,
      "voted_at": "2025-11-30T23:58:54.276Z",
      "created_at": "2025-12-01T07:39:17.835Z"
    }
  },
  {
    "model": "petitions.vote",
    "pk": 10,
    "fields": {
      "user": 13,
      "petition": 6,
      "voted_at": "2025-11-30T23:58:54.989Z",
      "created_at": "2025-12-01T07:39:17.835Z"
    }
  },
  {
    "model": "petitions.vote",
    "pk": 12,
    "fields": {
      "user": 13,
      "petition": 8,
      "voted_at": "2025-11-30T23:58:56.884Z",
      "created_at": "2025-12-01T07:39:17.835Z"
    }
  },
  {
    "model": "petitions.vote",
    "pk": 13,
    "fields": {
      "user": 13,
      "petition": 4,
      "voted_at": "2025-11-30T23:58:58.859Z",
      "created_at": "2025-12-01T07:39:17.835Z"
    }
  },
  {
    "model": "petitions.vote",
    "pk": 15,
    "fields": {
      "user": 13,
      "petition": 2,
      "voted_at": "2025-11-30T23:59:00.260Z",
      "created_at": "2025-12-01T07:39:17.835Z"
    }
  },
  {
    "model": "petitions.vote",
    "pk": 16,
    "fields": {
      "user": 13,
      "petition": 1,
      "voted_at": "2025-11-30T23:59:01.652Z",
      "created_at": "2025-12-01T07:39:17.835Z"
    }
  },
  {
    "model": "petitions.vote",
    "pk": 20,
    "fields": {
      "user": 13,
      "petition": 7,
      "voted_at": "2025-12-01T07:40:42.275Z",
      "created_at": "2025-12-01T07:40:42.275Z"
    }
  },
  {
    "model": "petitions.vote",
    "pk": 21,
    "fields": {
      "user": 23,
      "petition": 7,
      "voted_at": "2025-12-01T07:40:46.052Z",
      "created_at": "2025-12-01T07:40:46.052Z"
    }
  },
  {
    "model": "petitions.vote",
    "pk": 22,
    "fields": {
      "user": 22,
      "petition": 7,
      "voted_at": "2025-12-01T07:40:50.004Z",
      "created_at": "2025-12-01T07:40:50.005Z"
    }
  },
  {
    "model": "petitions.vote",
    "pk": 23,
    "fields": {
      "user": 23,
      "petition": 1,
      "voted_at": "2025-12-03T20:03:29.431Z",
      "created_at": "2025-12-03T20:03:29.432Z"
    }
  },
  {
    "model": "petitions.vote",
    "pk": 24,
    "fields": {
      "user": 25,
      "petition": 1,
      "voted_at": "2025-12-04T05:57:21.764Z",
      "created_at": "2025-12-04T05:57:21.764Z"
    }
  },
  {
    "model": "petitions.vote",
    "pk": 27,
    "fields": {
      "user": 23,
      "petition": 9,
      "voted_at": "2025-12-04T08:48:31.237Z",
      "created_at": "2025-12-04T08:48:31.237Z"
    }
  },
  {
    "model": "petitions.vote",
    "pk": 43,
    "fields": {
      "user": 23,
      "petition": 3,
      "voted_at": "2025-12-04T09:10:13.691Z",
      "created_at": "2025-12-04T09:10:13.691Z"
    }
  },
  {
    "model": "petitions.vote",
    "pk": 44,
    "fields": {
      "user": 25,
      "petition": 7,
      "voted_at": "2025-12-05T01:09:07.372Z",
      "created_at": "2025-12-05T01:09:07.372Z"
    }
  },
  {
    "model": "petitions.vote",
    "pk": 45,
    "fields": {
      "user": 23,
      "petition": 6,
      "voted_at": "2025-12-05T01:27:10.078Z",
      "created_at": "2025-12-05T01:27:10.078Z"
    }
  },
  {
    "model": "petitions.vote",
    "pk": 46,
    "fields": {
      "user": 26,
      "petition": 9,
      "voted_at": "2025-12-05T01:27:48.323Z",
      "created_at": "2025-12-05T01:27:48.323Z"
    }
  },
  {
    "model": "petitions.vote",
    "pk": 47,
    "fields": {
      "user": 28,
      "petition": 1,
      "voted_at": "2025-12-05T01:30:32.716Z",
      "created_at": "2025-12-05T01:30:32.716Z"
    }
  },
  {
    "model": "petitions.vote",
    "pk": 48,
    "fields": {
      "user": 28,
      "petition": 7,
      "voted_at": "2025-12-05T01:30:40.072Z",
      "created_at": "2025-12-05T01:30:40.072Z"
    }
  },
  {
    "model": "petitions.vote",
    "pk": 49,
    "fields": {
      "user": 28,
      "petition": 6,
      "voted_at": "2025-12-05T01:30:47.137Z",
      "created_at": "2025-12-05T01:30:47.137Z"
    }
  },
  {
    "model": "petitions.vote",
    "pk": 50,
    "fields": {
      "user": 28,
      "petition": 3,
      "voted_at": "2025-12-05T01:30:53.834Z",
      "created_at": "2025-12-05T01:30:53.834Z"
    }
  },
  {
    "model": "petitions.vote",
    "pk": 52,
    "fields": {
      "user": 25,
      "petition": 11,
      "voted_at": "2025-12-05T02:11:24.615Z",
      "created_at": "2025-12-05T02:11:24.615Z"
    }
  },
  {
    "model": "petitions.vote",
    "pk": 53,
    "fields": {
      "user": 30,
      "petition": 7,
      "voted_at": "2025-12-05T05:03:39.056Z",
      "created_at": "2025-12-05T05:03:39.056Z"
    }
  },
  {
    "model": "petitions.comment",
    "pk": 1,
    "fields": {
      "petition": 1,
      "author": 8,
      "content": "hola que mas da?",
      "created_at": "2025-11-26T22:20:54.391Z",
      "is_hidden": true
    }
  },
  {
    "model": "petitions.comment",
    "pk": 2,
    "fields": {
      "petition": 1,
      "author": 9,
      "content": "Si el tiene razon deberian de tener un lugar mas amplio",
      "created_at": "2025-11-26T22:49:39.651Z",
      "is_hidden": false
    }
  },
  {
    "model": "petitions.comment",
    "pk": 3,
    "fields": {
      "petition": 1,
      "author": 9,
      "content": "que nas se pude esperar de esta gestion mas nefasta",
      "created_at": "2025-11-26T22:51:03.703Z",
      "is_hidden": false
    }
  },
  {
    "model": "petitions.comment",
    "pk": 4,
    "fields": {
      "petition": 1,
      "author": 9,
      "content": "si pues asi es",
      "created_at": "2025-11-26T22:51:19.915Z",
      "is_hidden": false
    }
  },
  {
    "model": "petitions.comment",
    "pk": 5,
    "fields": {
      "petition": 1,
      "author": 9,
      "content": "ma\u00b1ana no hya clases",
      "created_at": "2025-11-26T22:51:45.853Z",
      "is_hidden": true
    }
  },
  {
    "model": "petitions.comment",
    "pk": 6,
    "fields": {
      "petition": 1,
      "author": 9,
      "content": "dasdasdsadasdsadasdasdadasdasdadasdasd",
      "created_at": "2025-11-27T06:52:41.298Z",
      "is_hidden": true
    }
  },
  {
    "model": "petitions.comment",
    "pk": 7,
    "fields": {
      "petition": 4,
      "author": 8,
      "content": "adadsadasdasdasdadsd",
      "created_at": "2025-11-27T17:03:30.634Z",
      "is_hidden": false
    }
  },
  {
    "model": "petitions.comment",
    "pk": 8,
    "fields": {
      "petition": 5,
      "author": 10,
      "content": "asi es esta enfermo",
      "created_at": "2025-11-27T17:07:24.756Z",
      "is_hidden": false
    }
  },
  {
    "model": "petitions.comment",
    "pk": 9,
    "fields": {
      "petition": 4,
      "author": 10,
      "content": "hola, que mas pues",
      "created_at": "2025-11-27T17:36:08.933Z",
      "is_hidden": false
    }
  },
  {
    "model": "petitions.comment",
    "pk": 10,
    "fields": {
      "petition": 5,
      "author": 13,
      "content": "hola",
      "created_at": "2025-11-28T00:11:26.816Z",
      "is_hidden": false
    }
  },
  {
    "model": "petitions.comment",
    "pk": 11,
    "fields": {
      "petition": 7,
      "author": 22,
      "content": "as\u00dd es yo opino que si deber\u00dda de ir esto de esa manera",
      "created_at": "2025-11-30T21:48:39.294Z",
      "is_hidden": false
    }
  },
  {
    "model": "petitions.comment",
    "pk": 12,
    "fields": {
      "petition": 7,
      "author": 22,
      "content": "calro qye si",
      "created_at": "2025-11-30T22:05:18.686Z",
      "is_hidden": false
    }
  },
  {
    "model": "petitions.comment",
    "pk": 13,
    "fields": {
      "petition": 8,
      "author": 13,
      "content": "si pes",
      "created_at": "2025-11-30T23:53:34.900Z",
      "is_hidden": false
    }
  },
  {
    "model": "petitions.comment",
    "pk": 14,
    "fields": {
      "petition": 1,
      "author": 24,
      "content": "estoy de acuerdo, deberia haber mas espacio, el nuevo comedor aun no est\u00df construido, para cuando las autoridades haran algo ?",
      "created_at": "2025-12-02T21:17:09.917Z",
      "is_hidden": false
    }
  },
  {
    "model": "petitions.comment",
    "pk": 15,
    "fields": {
      "petition": 9,
      "author": 22,
      "content": "asi es ese delegado no consigue virtual",
      "created_at": "2025-12-02T21:17:39.814Z",
      "is_hidden": false
    }
  },
  {
    "model": "petitions.report",
    "pk": 1,
    "fields": {
      "reporter": 8,
      "petition": null,
      "comment": 1,
      "reason": "mal escrito",
      "report_type": "comment",
      "created_at": "2025-11-27T02:19:15.438Z",
      "reviewed": true,
      "resolved": true
    }
  },
  {
    "model": "petitions.report",
    "pk": 2,
    "fields": {
      "reporter": 8,
      "petition": null,
      "comment": 6,
      "reason": "incoerencias",
      "report_type": "comment",
      "created_at": "2025-11-27T07:13:03.393Z",
      "reviewed": true,
      "resolved": true
    }
  },
  {
    "model": "petitions.report",
    "pk": 3,
    "fields": {
      "reporter": 9,
      "petition": null,
      "comment": 6,
      "reason": "ilegible",
      "report_type": "comment",
      "created_at": "2025-11-27T07:37:02.674Z",
      "reviewed": true,
      "resolved": true
    }
  },
  {
    "model": "petitions.report",
    "pk": 4,
    "fields": {
      "reporter": 9,
      "petition": null,
      "comment": 5,
      "reason": "no es el tema",
      "report_type": "comment",
      "created_at": "2025-11-27T07:38:03.647Z",
      "reviewed": true,
      "resolved": true
    }
  },
  {
    "model": "petitions.report",
    "pk": 5,
    "fields": {
      "reporter": 9,
      "petition": null,
      "comment": 2,
      "reason": "no es bueno",
      "report_type": "comment",
      "created_at": "2025-11-27T07:49:09.533Z",
      "reviewed": true,
      "resolved": true
    }
  },
  {
    "model": "petitions.report",
    "pk": 6,
    "fields": {
      "reporter": 24,
      "petition": null,
      "comment": 13,
      "reason": "no hay argumento",
      "report_type": "comment",
      "created_at": "2025-12-02T21:19:39.555Z",
      "reviewed": false,
      "resolved": false
    }
  },
  {
    "model": "petitions.promocontent",
    "pk": 3,
    "fields": {
      "title": "hola",
      "file": "promo/image-removebg-preview_18.png",
      "link": null,
      "position": "right",
      "created_at": "2025-12-01T01:36:11.286Z",
      "is_active": true
    }
  },
  {
    "model": "petitions.promocontent",
    "pk": 4,
    "fields": {
      "title": "test",
      "file": "promo/image-removebg-preview_18.png",
      "link": null,
      "position": "left",
      "created_at": "2025-12-01T02:05:04.111Z",
      "is_active": false
    }
  },
  {
    "model": "petitions.promocontent",
    "pk": 5,
    "fields": {
      "title": "lloo",
      "file": "promo/imagen_2025-11-30_211632374.png",
      "link": null,
      "position": "right",
      "created_at": "2025-12-01T02:16:36.421Z",
      "is_active": true
    }
  },
  {
    "model": "petitions.promocontent",
    "pk": 6,
    "fields": {
      "title": "lol2",
      "file": "promo/imagen_2025-11-30_211809619.png",
      "link": null,
      "position": "right",
      "created_at": "2025-12-01T02:18:11.785Z",
      "is_active": true
    }
  },
  {
    "model": "petitions.promocontent",
    "pk": 7,
    "fields": {
      "title": "cuidado",
      "file": "promo/el_que_es_astuto_sabra_que_cualquier_lugar_hay_que_cuidar_1103_1_600.jpg",
      "link": null,
      "position": "left",
      "created_at": "2025-12-04T07:39:16.585Z",
      "is_active": true
    }
  },
  {
    "model": "petitions.promocontent",
    "pk": 8,
    "fields": {
      "title": "logo de naturaleza",
      "file": "promo/imagen_2025-12-04_025528105.png",
      "link": null,
      "position": "left",
      "created_at": "2025-12-04T07:55:33.059Z",
      "is_active": true
    }
  },
  {
    "model": "petitions.promocontent",
    "pk": 9,
    "fields": {
      "title": "navidad",
      "file": "promo/imagen_2025-12-04_025713947.png",
      "link": null,
      "position": "left",
      "created_at": "2025-12-04T07:57:18.298Z",
      "is_active": true
    }
  },
  {
    "model": "petitions.notification",
    "pk": 1,
    "fields": {
      "recipient": 9,
      "report": 5,
      "message": "Tu denuncia sobre 'Comentario' ha sido revisada. y no sera eliminada",
      "created_at": "2025-11-27T07:50:11.297Z",
      "is_read": true
    }
  },
  {
    "model": "evaluations.teacher",
    "pk": 1,
    "fields": {
      "first_name": "Igor Jovino",
      "last_name": "Aguilar Alonso",
      "department": "Docente UNTELS",
      "created_at": "2026-04-27T07:15:36.567Z"
    }
  },
  {
    "model": "evaluations.teacher",
    "pk": 2,
    "fields": {
      "first_name": "Manuel Abelardo",
      "last_name": "Alc\u00dfntara Ram\u00ddrez",
      "department": "Docente UNTELS",
      "created_at": "2026-04-27T07:15:36.573Z"
    }
  },
  {
    "model": "evaluations.teacher",
    "pk": 3,
    "fields": {
      "first_name": "Jos\u00da Alfonso",
      "last_name": "Apesteguia Infantes",
      "department": "Docente UNTELS",
      "created_at": "2026-04-27T07:15:36.578Z"
    }
  },
  {
    "model": "evaluations.teacher",
    "pk": 4,
    "fields": {
      "first_name": "Carmen Luisa",
      "last_name": "Aquije Dapozzo",
      "department": "Docente UNTELS",
      "created_at": "2026-04-27T07:15:36.583Z"
    }
  },
  {
    "model": "evaluations.teacher",
    "pk": 5,
    "fields": {
      "first_name": "Alex Segundino",
      "last_name": "Armas Blancas",
      "department": "Docente UNTELS",
      "created_at": "2026-04-27T07:15:36.587Z"
    }
  },
  {
    "model": "evaluations.teacher",
    "pk": 6,
    "fields": {
      "first_name": "Antonio",
      "last_name": "Arqque Pantigozo",
      "department": "Docente UNTELS",
      "created_at": "2026-04-27T07:15:36.592Z"
    }
  },
  {
    "model": "evaluations.teacher",
    "pk": 7,
    "fields": {
      "first_name": "Maruja Emelita",
      "last_name": "Blas Rebaza",
      "department": "Docente UNTELS",
      "created_at": "2026-04-27T07:15:36.596Z"
    }
  },
  {
    "model": "evaluations.teacher",
    "pk": 8,
    "fields": {
      "first_name": "Julio C\u00dasar",
      "last_name": "Bracho P\u00darez",
      "department": "Docente UNTELS",
      "created_at": "2026-04-27T07:15:36.602Z"
    }
  },
  {
    "model": "evaluations.teacher",
    "pk": 9,
    "fields": {
      "first_name": "Jorge Luis",
      "last_name": "Bringas Salvador",
      "department": "Docente UNTELS",
      "created_at": "2026-04-27T07:15:36.606Z"
    }
  },
  {
    "model": "evaluations.teacher",
    "pk": 10,
    "fields": {
      "first_name": "Lucio",
      "last_name": "C\u00dfceres Espinoza",
      "department": "Docente UNTELS",
      "created_at": "2026-04-27T07:15:36.610Z"
    }
  },
  {
    "model": "evaluations.teacher",
    "pk": 11,
    "fields": {
      "first_name": "Ever William",
      "last_name": "Camacho Orbegoso",
      "department": "Docente UNTELS",
      "created_at": "2026-04-27T07:15:36.614Z"
    }
  },
  {
    "model": "evaluations.teacher",
    "pk": 12,
    "fields": {
      "first_name": "Fredy",
      "last_name": "Campos Aguado",
      "department": "Docente UNTELS",
      "created_at": "2026-04-27T07:15:36.618Z"
    }
  },
  {
    "model": "evaluations.teacher",
    "pk": 13,
    "fields": {
      "first_name": "Nataly",
      "last_name": "C\u00dfrdenas Carri\u00ben",
      "department": "Docente UNTELS",
      "created_at": "2026-04-27T07:15:36.622Z"
    }
  },
  {
    "model": "evaluations.teacher",
    "pk": 14,
    "fields": {
      "first_name": "Alex",
      "last_name": "Cartagena Gordillo",
      "department": "Docente UNTELS",
      "created_at": "2026-04-27T07:15:36.626Z"
    }
  },
  {
    "model": "evaluations.teacher",
    "pk": 15,
    "fields": {
      "first_name": "Jes\u00b7s Rodomiro",
      "last_name": "Casquier Ortiz",
      "department": "Docente UNTELS",
      "created_at": "2026-04-27T07:15:36.631Z"
    }
  },
  {
    "model": "evaluations.teacher",
    "pk": 16,
    "fields": {
      "first_name": "Gloria Helena",
      "last_name": "Castro Le\u00ben",
      "department": "Docente UNTELS",
      "created_at": "2026-04-27T07:15:36.635Z"
    }
  },
  {
    "model": "evaluations.teacher",
    "pk": 17,
    "fields": {
      "first_name": "In\u00das",
      "last_name": "Castro Reyes de Lozano",
      "department": "Docente UNTELS",
      "created_at": "2026-04-27T07:15:36.640Z"
    }
  },
  {
    "model": "evaluations.teacher",
    "pk": 18,
    "fields": {
      "first_name": "Flor",
      "last_name": "Cerd\u00dfn Le\u00ben",
      "department": "Docente UNTELS",
      "created_at": "2026-04-27T07:15:36.645Z"
    }
  },
  {
    "model": "evaluations.teacher",
    "pk": 19,
    "fields": {
      "first_name": "Omar Freddy",
      "last_name": "Chamorro Atalaya",
      "department": "Docente UNTELS",
      "created_at": "2026-04-27T07:15:36.651Z"
    }
  },
  {
    "model": "evaluations.teacher",
    "pk": 20,
    "fields": {
      "first_name": "Mario Bernab\u00da",
      "last_name": "Chauca Saavedra",
      "department": "Docente UNTELS",
      "created_at": "2026-04-27T07:15:36.656Z"
    }
  },
  {
    "model": "evaluations.teacher",
    "pk": 21,
    "fields": {
      "first_name": "Carlos Ernesto",
      "last_name": "Ch\u00dfvez Herrera",
      "department": "Docente UNTELS",
      "created_at": "2026-04-27T07:15:36.661Z"
    }
  },
  {
    "model": "evaluations.teacher",
    "pk": 22,
    "fields": {
      "first_name": "Danilo",
      "last_name": "Ch\u00dfvez Rojas",
      "department": "Docente UNTELS",
      "created_at": "2026-04-27T07:15:36.665Z"
    }
  },
  {
    "model": "evaluations.teacher",
    "pk": 23,
    "fields": {
      "first_name": "\u2534lvaro Enrique",
      "last_name": "Ch\u00dfvez Zubieta",
      "department": "Docente UNTELS",
      "created_at": "2026-04-27T07:15:36.671Z"
    }
  },
  {
    "model": "evaluations.teacher",
    "pk": 24,
    "fields": {
      "first_name": "Manuel Enrique",
      "last_name": "Chenet Zuta",
      "department": "Docente UNTELS",
      "created_at": "2026-04-27T07:15:36.676Z"
    }
  },
  {
    "model": "evaluations.teacher",
    "pk": 25,
    "fields": {
      "first_name": "Mark Donny",
      "last_name": "Clemente Arenas",
      "department": "Docente UNTELS",
      "created_at": "2026-04-27T07:15:36.681Z"
    }
  },
  {
    "model": "evaluations.teacher",
    "pk": 26,
    "fields": {
      "first_name": "Jos\u00da Arnaldo",
      "last_name": "Collantes Hidalgo",
      "department": "Docente UNTELS",
      "created_at": "2026-04-27T07:15:36.684Z"
    }
  },
  {
    "model": "evaluations.teacher",
    "pk": 27,
    "fields": {
      "first_name": "Alberto",
      "last_name": "Coronado Matutti",
      "department": "Docente UNTELS",
      "created_at": "2026-04-27T07:15:36.688Z"
    }
  },
  {
    "model": "evaluations.teacher",
    "pk": 28,
    "fields": {
      "first_name": "Mois\u00das",
      "last_name": "Cotacallapa Vilca",
      "department": "Docente UNTELS",
      "created_at": "2026-04-27T07:15:36.692Z"
    }
  },
  {
    "model": "evaluations.teacher",
    "pk": 29,
    "fields": {
      "first_name": "Juan Pablo",
      "last_name": "Cotrina Cosar",
      "department": "Docente UNTELS",
      "created_at": "2026-04-27T07:15:36.697Z"
    }
  },
  {
    "model": "evaluations.teacher",
    "pk": 30,
    "fields": {
      "first_name": "Abilio Bernardino",
      "last_name": "Cuzcano Rivas",
      "department": "Docente UNTELS",
      "created_at": "2026-04-27T07:15:36.701Z"
    }
  },
  {
    "model": "evaluations.teacher",
    "pk": 31,
    "fields": {
      "first_name": "Rub\u00dan Armando",
      "last_name": "Daga L\u00bepez",
      "department": "Docente UNTELS",
      "created_at": "2026-04-27T07:15:36.707Z"
    }
  },
  {
    "model": "evaluations.teacher",
    "pk": 32,
    "fields": {
      "first_name": "Carlos Vidal",
      "last_name": "D\u00dfvila Ignacio",
      "department": "Docente UNTELS",
      "created_at": "2026-04-27T07:15:36.712Z"
    }
  },
  {
    "model": "evaluations.teacher",
    "pk": 33,
    "fields": {
      "first_name": "Roc\u00ddo Julieta",
      "last_name": "De La Cruz Marcacuzco",
      "department": "Docente UNTELS",
      "created_at": "2026-04-27T07:15:36.716Z"
    }
  },
  {
    "model": "evaluations.teacher",
    "pk": 34,
    "fields": {
      "first_name": "Teodoro Neri",
      "last_name": "D\u00ddaz Leyva",
      "department": "Docente UNTELS",
      "created_at": "2026-04-27T07:15:36.720Z"
    }
  },
  {
    "model": "evaluations.teacher",
    "pk": 35,
    "fields": {
      "first_name": "Miguel \u2534ngel Alberto",
      "last_name": "D\u00ddaz Matayoshi",
      "department": "Docente UNTELS",
      "created_at": "2026-04-27T07:15:36.724Z"
    }
  },
  {
    "model": "evaluations.teacher",
    "pk": 36,
    "fields": {
      "first_name": "Antonio",
      "last_name": "Escalante Aburto",
      "department": "Docente UNTELS",
      "created_at": "2026-04-27T07:15:36.729Z"
    }
  },
  {
    "model": "evaluations.teacher",
    "pk": 37,
    "fields": {
      "first_name": "Frank Edmundo",
      "last_name": "Escobedo Bail\u00ben",
      "department": "Docente UNTELS",
      "created_at": "2026-04-27T07:15:36.733Z"
    }
  },
  {
    "model": "evaluations.teacher",
    "pk": 38,
    "fields": {
      "first_name": "Javier Leonardo",
      "last_name": "Estrada Dom\u00ddnguez",
      "department": "Docente UNTELS",
      "created_at": "2026-04-27T07:15:36.736Z"
    }
  },
  {
    "model": "evaluations.teacher",
    "pk": 39,
    "fields": {
      "first_name": "Richard",
      "last_name": "Flores C\u00dfceres",
      "department": "Docente UNTELS",
      "created_at": "2026-04-27T07:15:36.740Z"
    }
  },
  {
    "model": "evaluations.teacher",
    "pk": 40,
    "fields": {
      "first_name": "Jes\u00b7s Rule",
      "last_name": "Flores Cruz",
      "department": "Docente UNTELS",
      "created_at": "2026-04-27T07:15:36.743Z"
    }
  },
  {
    "model": "evaluations.teacher",
    "pk": 41,
    "fields": {
      "first_name": "Carlos Hern\u00dfn",
      "last_name": "Flores Vel\u00dfsquez",
      "department": "Docente UNTELS",
      "created_at": "2026-04-27T07:15:36.747Z"
    }
  },
  {
    "model": "evaluations.teacher",
    "pk": 42,
    "fields": {
      "first_name": "Luis Felipe",
      "last_name": "Gamarra Chavarry",
      "department": "Docente UNTELS",
      "created_at": "2026-04-27T07:15:36.750Z"
    }
  },
  {
    "model": "evaluations.teacher",
    "pk": 43,
    "fields": {
      "first_name": "Elizabeth Emperatriz",
      "last_name": "Garc\u00dda Salirosas",
      "department": "Docente UNTELS",
      "created_at": "2026-04-27T07:15:36.753Z"
    }
  },
  {
    "model": "evaluations.teacher",
    "pk": 44,
    "fields": {
      "first_name": "Alcides",
      "last_name": "Garz\u00ben Flores",
      "department": "Docente UNTELS",
      "created_at": "2026-04-27T07:15:36.756Z"
    }
  },
  {
    "model": "evaluations.teacher",
    "pk": 45,
    "fields": {
      "first_name": "Pablo Guillermo",
      "last_name": "Gonzales Orme\u00b1o",
      "department": "Docente UNTELS",
      "created_at": "2026-04-27T07:15:36.760Z"
    }
  },
  {
    "model": "evaluations.teacher",
    "pk": 46,
    "fields": {
      "first_name": "Herbert Junior",
      "last_name": "Grados Espinoza",
      "department": "Docente UNTELS",
      "created_at": "2026-04-27T07:15:36.763Z"
    }
  },
  {
    "model": "evaluations.teacher",
    "pk": 47,
    "fields": {
      "first_name": "Javier",
      "last_name": "Herrera Espinoza",
      "department": "Docente UNTELS",
      "created_at": "2026-04-27T07:15:36.767Z"
    }
  },
  {
    "model": "evaluations.teacher",
    "pk": 48,
    "fields": {
      "first_name": "Jos\u00da Luis",
      "last_name": "Herrera Salazar",
      "department": "Docente UNTELS",
      "created_at": "2026-04-27T07:15:36.771Z"
    }
  },
  {
    "model": "evaluations.teacher",
    "pk": 49,
    "fields": {
      "first_name": "Celso",
      "last_name": "Huanca Luque",
      "department": "Docente UNTELS",
      "created_at": "2026-04-27T07:15:36.774Z"
    }
  },
  {
    "model": "evaluations.teacher",
    "pk": 50,
    "fields": {
      "first_name": "Ra\u00b7l Eduardo",
      "last_name": "Huarote Zegarra",
      "department": "Docente UNTELS",
      "created_at": "2026-04-27T07:15:36.778Z"
    }
  },
  {
    "model": "evaluations.teacher",
    "pk": 51,
    "fields": {
      "first_name": "Janett Deisy",
      "last_name": "Julca Flores",
      "department": "Docente UNTELS",
      "created_at": "2026-04-27T07:15:36.781Z"
    }
  },
  {
    "model": "evaluations.teacher",
    "pk": 52,
    "fields": {
      "first_name": "Carlos Jacinto",
      "last_name": "La Rosa Longobardi",
      "department": "Docente UNTELS",
      "created_at": "2026-04-27T07:15:36.784Z"
    }
  },
  {
    "model": "evaluations.teacher",
    "pk": 53,
    "fields": {
      "first_name": "Alfredo C\u00dasar",
      "last_name": "Larios Franco",
      "department": "Docente UNTELS",
      "created_at": "2026-04-27T07:15:36.787Z"
    }
  },
  {
    "model": "evaluations.teacher",
    "pk": 54,
    "fields": {
      "first_name": "Antenor",
      "last_name": "Leva Apaza",
      "department": "Docente UNTELS",
      "created_at": "2026-04-27T07:15:36.790Z"
    }
  },
  {
    "model": "evaluations.teacher",
    "pk": 55,
    "fields": {
      "first_name": "Daniel",
      "last_name": "Levano Rodr\u00ddguez",
      "department": "Docente UNTELS",
      "created_at": "2026-04-27T07:15:36.795Z"
    }
  },
  {
    "model": "evaluations.teacher",
    "pk": 56,
    "fields": {
      "first_name": "Jinmi Gregory",
      "last_name": "Lezama Calvo",
      "department": "Docente UNTELS",
      "created_at": "2026-04-27T07:15:36.798Z"
    }
  },
  {
    "model": "evaluations.teacher",
    "pk": 57,
    "fields": {
      "first_name": "Fidel",
      "last_name": "Luj\u00dfn Lude\u00b1a",
      "department": "Docente UNTELS",
      "created_at": "2026-04-27T07:15:36.802Z"
    }
  },
  {
    "model": "evaluations.teacher",
    "pk": 58,
    "fields": {
      "first_name": "Jes\u00b7s Virgilio",
      "last_name": "Luque Rivera",
      "department": "Docente UNTELS",
      "created_at": "2026-04-27T07:15:36.805Z"
    }
  },
  {
    "model": "evaluations.teacher",
    "pk": 59,
    "fields": {
      "first_name": "Jos\u00da Ambrosio",
      "last_name": "Machuca Mines",
      "department": "Docente UNTELS",
      "created_at": "2026-04-27T07:15:36.808Z"
    }
  },
  {
    "model": "evaluations.teacher",
    "pk": 60,
    "fields": {
      "first_name": "Myrna",
      "last_name": "Manco Caycho",
      "department": "Docente UNTELS",
      "created_at": "2026-04-27T07:15:36.812Z"
    }
  },
  {
    "model": "evaluations.teacher",
    "pk": 61,
    "fields": {
      "first_name": "Edgar Avelino",
      "last_name": "Marcelino Tarme\u00b1o",
      "department": "Docente UNTELS",
      "created_at": "2026-04-27T07:15:36.816Z"
    }
  },
  {
    "model": "evaluations.teacher",
    "pk": 62,
    "fields": {
      "first_name": "Mar\u00dda del Rosario",
      "last_name": "Marini Salda\u00b1a",
      "department": "Docente UNTELS",
      "created_at": "2026-04-27T07:15:36.819Z"
    }
  },
  {
    "model": "evaluations.teacher",
    "pk": 63,
    "fields": {
      "first_name": "Obert",
      "last_name": "Mar\u00ddn S\u00dfnchez",
      "department": "Docente UNTELS",
      "created_at": "2026-04-27T07:15:36.822Z"
    }
  },
  {
    "model": "evaluations.teacher",
    "pk": 64,
    "fields": {
      "first_name": "Sof\u00dda Victoria",
      "last_name": "Mata Espinoza",
      "department": "Docente UNTELS",
      "created_at": "2026-04-27T07:15:36.826Z"
    }
  },
  {
    "model": "evaluations.teacher",
    "pk": 65,
    "fields": {
      "first_name": "Miguel \u2534ngel",
      "last_name": "Melgarejo Quijandria",
      "department": "Docente UNTELS",
      "created_at": "2026-04-27T07:15:36.830Z"
    }
  },
  {
    "model": "evaluations.teacher",
    "pk": 66,
    "fields": {
      "first_name": "Maritza Yovany",
      "last_name": "Mestanza Tejada",
      "department": "Docente UNTELS",
      "created_at": "2026-04-27T07:15:36.833Z"
    }
  },
  {
    "model": "evaluations.teacher",
    "pk": 67,
    "fields": {
      "first_name": "Fabrizio Armando",
      "last_name": "Mill\u00dfn Montalvo",
      "department": "Docente UNTELS",
      "created_at": "2026-04-27T07:15:36.836Z"
    }
  },
  {
    "model": "evaluations.teacher",
    "pk": 68,
    "fields": {
      "first_name": "Enrique Manuel",
      "last_name": "Mor\u00dfn Montoya",
      "department": "Docente UNTELS",
      "created_at": "2026-04-27T07:15:36.840Z"
    }
  },
  {
    "model": "evaluations.teacher",
    "pk": 69,
    "fields": {
      "first_name": "Carlos Andr\u00das",
      "last_name": "Mugruza Vassallo",
      "department": "Docente UNTELS",
      "created_at": "2026-04-27T07:15:36.843Z"
    }
  },
  {
    "model": "evaluations.teacher",
    "pk": 70,
    "fields": {
      "first_name": "Melissa F\u00dftima",
      "last_name": "Mu\u00b1ante Toledo",
      "department": "Docente UNTELS",
      "created_at": "2026-04-27T07:15:36.847Z"
    }
  },
  {
    "model": "evaluations.teacher",
    "pk": 71,
    "fields": {
      "first_name": "Margarita Fredesvinda",
      "last_name": "Murillo Manrique",
      "department": "Docente UNTELS",
      "created_at": "2026-04-27T07:15:36.850Z"
    }
  },
  {
    "model": "evaluations.teacher",
    "pk": 72,
    "fields": {
      "first_name": "Roberto",
      "last_name": "Navarro Pareja",
      "department": "Docente UNTELS",
      "created_at": "2026-04-27T07:15:36.854Z"
    }
  },
  {
    "model": "evaluations.teacher",
    "pk": 73,
    "fields": {
      "first_name": "Mario Edison",
      "last_name": "Ninaquispe Soto",
      "department": "Docente UNTELS",
      "created_at": "2026-04-27T07:15:36.857Z"
    }
  },
  {
    "model": "evaluations.teacher",
    "pk": 74,
    "fields": {
      "first_name": "Hern\u00dfn",
      "last_name": "Ochoa Carbajal",
      "department": "Docente UNTELS",
      "created_at": "2026-04-27T07:15:36.860Z"
    }
  },
  {
    "model": "evaluations.teacher",
    "pk": 75,
    "fields": {
      "first_name": "Soledad del Rosario",
      "last_name": "Olivares Zegarra",
      "department": "Docente UNTELS",
      "created_at": "2026-04-27T07:15:36.865Z"
    }
  },
  {
    "model": "evaluations.teacher",
    "pk": 76,
    "fields": {
      "first_name": "Edgard",
      "last_name": "Oporto D\u00ddaz",
      "department": "Docente UNTELS",
      "created_at": "2026-04-27T07:15:36.868Z"
    }
  },
  {
    "model": "evaluations.teacher",
    "pk": 77,
    "fields": {
      "first_name": "Orlando Adri\u00dfn",
      "last_name": "Ortega Galicio",
      "department": "Docente UNTELS",
      "created_at": "2026-04-27T07:15:36.871Z"
    }
  },
  {
    "model": "evaluations.teacher",
    "pk": 78,
    "fields": {
      "first_name": "Ricardo John",
      "last_name": "Palomares Orihuela",
      "department": "Docente UNTELS",
      "created_at": "2026-04-27T07:15:36.875Z"
    }
  },
  {
    "model": "evaluations.teacher",
    "pk": 79,
    "fields": {
      "first_name": "Mario Rogelio",
      "last_name": "Pel\u00dfez Osorio",
      "department": "Docente UNTELS",
      "created_at": "2026-04-27T07:15:36.878Z"
    }
  },
  {
    "model": "evaluations.teacher",
    "pk": 80,
    "fields": {
      "first_name": "Roberto",
      "last_name": "Pfuyo Mu\u00b1oz",
      "department": "Docente UNTELS",
      "created_at": "2026-04-27T07:15:36.882Z"
    }
  },
  {
    "model": "evaluations.teacher",
    "pk": 81,
    "fields": {
      "first_name": "Solin Epifanio",
      "last_name": "Puma Corbacho",
      "department": "Docente UNTELS",
      "created_at": "2026-04-27T07:15:36.886Z"
    }
  },
  {
    "model": "evaluations.teacher",
    "pk": 82,
    "fields": {
      "first_name": "Max Fredi",
      "last_name": "Quispe Aguilar",
      "department": "Docente UNTELS",
      "created_at": "2026-04-27T07:15:36.889Z"
    }
  },
  {
    "model": "evaluations.teacher",
    "pk": 83,
    "fields": {
      "first_name": "Julio Enrique",
      "last_name": "Quispe Tuesta",
      "department": "Docente UNTELS",
      "created_at": "2026-04-27T07:15:36.892Z"
    }
  },
  {
    "model": "evaluations.teacher",
    "pk": 84,
    "fields": {
      "first_name": "Robert Richard",
      "last_name": "Rafael Rutte",
      "department": "Docente UNTELS",
      "created_at": "2026-04-27T07:15:36.896Z"
    }
  },
  {
    "model": "evaluations.teacher",
    "pk": 85,
    "fields": {
      "first_name": "Eric",
      "last_name": "Rend\u00ben Schneire",
      "department": "Docente UNTELS",
      "created_at": "2026-04-27T07:15:36.899Z"
    }
  },
  {
    "model": "evaluations.teacher",
    "pk": 86,
    "fields": {
      "first_name": "Ronald Juven",
      "last_name": "Reyes Narv\u00dfez",
      "department": "Docente UNTELS",
      "created_at": "2026-04-27T07:15:36.903Z"
    }
  },
  {
    "model": "evaluations.teacher",
    "pk": 87,
    "fields": {
      "first_name": "Margot",
      "last_name": "Rodr\u00ddguez Mayhuasca",
      "department": "Docente UNTELS",
      "created_at": "2026-04-27T07:15:36.906Z"
    }
  },
  {
    "model": "evaluations.teacher",
    "pk": 88,
    "fields": {
      "first_name": "Celia Herminia",
      "last_name": "Rodr\u00ddguez Olaya",
      "department": "Docente UNTELS",
      "created_at": "2026-04-27T07:15:36.909Z"
    }
  },
  {
    "model": "evaluations.teacher",
    "pk": 89,
    "fields": {
      "first_name": "Avid",
      "last_name": "Rom\u00dfn Gonzales",
      "department": "Docente UNTELS",
      "created_at": "2026-04-27T07:15:36.913Z"
    }
  },
  {
    "model": "evaluations.teacher",
    "pk": 90,
    "fields": {
      "first_name": "Luis Miguel",
      "last_name": "Romero Echevarr\u00dda",
      "department": "Docente UNTELS",
      "created_at": "2026-04-27T07:15:36.953Z"
    }
  },
  {
    "model": "evaluations.teacher",
    "pk": 91,
    "fields": {
      "first_name": "Santiago Linder",
      "last_name": "Rubi\u00b1os Jim\u00danez",
      "department": "Docente UNTELS",
      "created_at": "2026-04-27T07:15:36.957Z"
    }
  },
  {
    "model": "evaluations.teacher",
    "pk": 92,
    "fields": {
      "first_name": "Carmen Milagros",
      "last_name": "Ruiz Huam\u00dfn",
      "department": "Docente UNTELS",
      "created_at": "2026-04-27T07:15:36.961Z"
    }
  },
  {
    "model": "evaluations.teacher",
    "pk": 93,
    "fields": {
      "first_name": "V\u00ddctor Ramiro",
      "last_name": "Salas Zeballos",
      "department": "Docente UNTELS",
      "created_at": "2026-04-27T07:15:36.964Z"
    }
  },
  {
    "model": "evaluations.teacher",
    "pk": 94,
    "fields": {
      "first_name": "Gustavo N\u00dastor",
      "last_name": "Salazar Huamani",
      "department": "Docente UNTELS",
      "created_at": "2026-04-27T07:15:36.968Z"
    }
  },
  {
    "model": "evaluations.teacher",
    "pk": 95,
    "fields": {
      "first_name": "Robert",
      "last_name": "Salazar Quispe",
      "department": "Docente UNTELS",
      "created_at": "2026-04-27T07:15:36.972Z"
    }
  },
  {
    "model": "evaluations.teacher",
    "pk": 96,
    "fields": {
      "first_name": "Jaime Hewer",
      "last_name": "San Bartolom\u00da Montero",
      "department": "Docente UNTELS",
      "created_at": "2026-04-27T07:15:36.975Z"
    }
  },
  {
    "model": "evaluations.teacher",
    "pk": 97,
    "fields": {
      "first_name": "Jorge Augusto",
      "last_name": "S\u00dfnchez Ayte",
      "department": "Docente UNTELS",
      "created_at": "2026-04-27T07:15:36.978Z"
    }
  },
  {
    "model": "evaluations.teacher",
    "pk": 98,
    "fields": {
      "first_name": "Odon Rom\u00dfn",
      "last_name": "S\u00dfnchez Ccoyllo",
      "department": "Docente UNTELS",
      "created_at": "2026-04-27T07:15:36.981Z"
    }
  },
  {
    "model": "evaluations.teacher",
    "pk": 99,
    "fields": {
      "first_name": "Jorge Alejandro",
      "last_name": "S\u00dfnchez Garc\u00das",
      "department": "Docente UNTELS",
      "created_at": "2026-04-27T07:15:36.985Z"
    }
  },
  {
    "model": "evaluations.teacher",
    "pk": 100,
    "fields": {
      "first_name": "Ver\u00benica Matilde",
      "last_name": "S\u00dfnchez Montenegro",
      "department": "Docente UNTELS",
      "created_at": "2026-04-27T07:15:36.989Z"
    }
  },
  {
    "model": "evaluations.teacher",
    "pk": 101,
    "fields": {
      "first_name": "Julio C\u00dasar",
      "last_name": "Sandoval Javier",
      "department": "Docente UNTELS",
      "created_at": "2026-04-27T07:15:36.993Z"
    }
  },
  {
    "model": "evaluations.teacher",
    "pk": 102,
    "fields": {
      "first_name": "Roger Manuel Jes\u00b7s",
      "last_name": "Silva Mares",
      "department": "Docente UNTELS",
      "created_at": "2026-04-27T07:15:36.996Z"
    }
  },
  {
    "model": "evaluations.teacher",
    "pk": 103,
    "fields": {
      "first_name": "Edmur",
      "last_name": "Sotomayor Quispe",
      "department": "Docente UNTELS",
      "created_at": "2026-04-27T07:15:37.000Z"
    }
  },
  {
    "model": "evaluations.teacher",
    "pk": 104,
    "fields": {
      "first_name": "Ignacio Rub\u00dan",
      "last_name": "Tacza Valverde",
      "department": "Docente UNTELS",
      "created_at": "2026-04-27T07:15:37.003Z"
    }
  },
  {
    "model": "evaluations.teacher",
    "pk": 105,
    "fields": {
      "first_name": "N\u00dastor Ra\u00b7l",
      "last_name": "Tasayco Mat\u00ddas",
      "department": "Docente UNTELS",
      "created_at": "2026-04-27T07:15:37.008Z"
    }
  },
  {
    "model": "evaluations.teacher",
    "pk": 106,
    "fields": {
      "first_name": "Marco Antonio",
      "last_name": "Tipismana Neyra",
      "department": "Docente UNTELS",
      "created_at": "2026-04-27T07:15:37.011Z"
    }
  },
  {
    "model": "evaluations.teacher",
    "pk": 107,
    "fields": {
      "first_name": "Julio C\u00dasar",
      "last_name": "Torres Isla",
      "department": "Docente UNTELS",
      "created_at": "2026-04-27T07:15:37.014Z"
    }
  },
  {
    "model": "evaluations.teacher",
    "pk": 108,
    "fields": {
      "first_name": "Eleazar Obed",
      "last_name": "Torres Jim\u00danez",
      "department": "Docente UNTELS",
      "created_at": "2026-04-27T07:15:37.017Z"
    }
  },
  {
    "model": "evaluations.teacher",
    "pk": 109,
    "fields": {
      "first_name": "C\u00dasar",
      "last_name": "Trujillo Hinojosa",
      "department": "Docente UNTELS",
      "created_at": "2026-04-27T07:15:37.021Z"
    }
  },
  {
    "model": "evaluations.teacher",
    "pk": 110,
    "fields": {
      "first_name": "Haydee Ver\u00benica",
      "last_name": "Tullume Huayanay",
      "department": "Docente UNTELS",
      "created_at": "2026-04-27T07:15:37.026Z"
    }
  },
  {
    "model": "evaluations.teacher",
    "pk": 111,
    "fields": {
      "first_name": "Robert \u2534ngel",
      "last_name": "Urbina Medina",
      "department": "Docente UNTELS",
      "created_at": "2026-04-27T07:15:37.030Z"
    }
  },
  {
    "model": "evaluations.teacher",
    "pk": 112,
    "fields": {
      "first_name": "Zanhy Leonor",
      "last_name": "Valencia Reyes",
      "department": "Docente UNTELS",
      "created_at": "2026-04-27T07:15:37.034Z"
    }
  },
  {
    "model": "evaluations.teacher",
    "pk": 113,
    "fields": {
      "first_name": "Julio Elvis",
      "last_name": "Valero Cajahuanca",
      "department": "Docente UNTELS",
      "created_at": "2026-04-27T07:15:37.038Z"
    }
  },
  {
    "model": "evaluations.teacher",
    "pk": 114,
    "fields": {
      "first_name": "Jaime",
      "last_name": "Vento Flores",
      "department": "Docente UNTELS",
      "created_at": "2026-04-27T07:15:37.041Z"
    }
  },
  {
    "model": "evaluations.teacher",
    "pk": 115,
    "fields": {
      "first_name": "Jacinto Joaqu\u00ddn",
      "last_name": "V\u00dartiz Osores",
      "department": "Docente UNTELS",
      "created_at": "2026-04-27T07:15:37.045Z"
    }
  },
  {
    "model": "evaluations.teacher",
    "pk": 116,
    "fields": {
      "first_name": "Carlos Guillermo",
      "last_name": "Via\u00b1a Rubio",
      "department": "Docente UNTELS",
      "created_at": "2026-04-27T07:15:37.048Z"
    }
  },
  {
    "model": "evaluations.teacher",
    "pk": 117,
    "fields": {
      "first_name": "Edwin Augusto",
      "last_name": "Vigo S\u00dfnchez",
      "department": "Docente UNTELS",
      "created_at": "2026-04-27T07:15:37.051Z"
    }
  },
  {
    "model": "evaluations.teacher",
    "pk": 118,
    "fields": {
      "first_name": "Jos\u00da Yudberto",
      "last_name": "Vilca Ccolque",
      "department": "Docente UNTELS",
      "created_at": "2026-04-27T07:15:37.055Z"
    }
  },
  {
    "model": "evaluations.teacher",
    "pk": 119,
    "fields": {
      "first_name": "Ra\u00b7l C\u00dasar",
      "last_name": "Vilcahuam\u00dfn Sanabria",
      "department": "Docente UNTELS",
      "created_at": "2026-04-27T07:15:37.058Z"
    }
  },
  {
    "model": "evaluations.teacher",
    "pk": 120,
    "fields": {
      "first_name": "Guillermo Lorenzo",
      "last_name": "Vilchez Ochoa",
      "department": "Docente UNTELS",
      "created_at": "2026-04-27T07:15:37.062Z"
    }
  },
  {
    "model": "evaluations.teacher",
    "pk": 121,
    "fields": {
      "first_name": "Jos\u00da Luis",
      "last_name": "Villegas Chumpitaz",
      "department": "Docente UNTELS",
      "created_at": "2026-04-27T07:15:37.066Z"
    }
  },
  {
    "model": "evaluations.teacher",
    "pk": 122,
    "fields": {
      "first_name": "Mirko",
      "last_name": "Villalta Gonzales",
      "department": "Docente UNTELS",
      "created_at": "2026-04-27T07:15:37.069Z"
    }
  },
  {
    "model": "evaluations.teacher",
    "pk": 123,
    "fields": {
      "first_name": "Jaime Javier",
      "last_name": "Villanueva Barreto",
      "department": "Docente UNTELS",
      "created_at": "2026-04-27T07:15:37.073Z"
    }
  },
  {
    "model": "evaluations.teacher",
    "pk": 124,
    "fields": {
      "first_name": "\u00cbscar Adri\u00dfn",
      "last_name": "Zapillado Huanco",
      "department": "Docente UNTELS",
      "created_at": "2026-04-27T07:15:37.076Z"
    }
  },
  {
    "model": "evaluations.teacher",
    "pk": 125,
    "fields": {
      "first_name": "Fabio",
      "last_name": "Zegarra Choque",
      "department": "Docente UNTELS",
      "created_at": "2026-04-27T07:15:37.080Z"
    }
  },
  {
    "model": "evaluations.teacher",
    "pk": 126,
    "fields": {
      "first_name": "Luis Alfredo",
      "last_name": "Z\u00b7\u00b1iga Fiestas",
      "department": "Docente UNTELS",
      "created_at": "2026-04-27T07:15:37.084Z"
    }
  },
  {
    "model": "evaluations.course",
    "pk": 1,
    "fields": {
      "name": "Taller de Programaci\u00ben de M\u00beviles",
      "code": null
    }
  },
  {
    "model": "evaluations.review",
    "pk": 1,
    "fields": {
      "user": 22,
      "teacher": 7,
      "course": 1,
      "score_teaching": 1,
      "score_punctuality": 1,
      "score_respect": 2,
      "score_knowledge": 1,
      "comment": "La profesora no se compromete con el curso, llega tarde y no tiene manejo total del curso. ",
      "is_anonymous": true,
      "created_at": "2026-04-27T07:21:47.759Z"
    }
  }
]